Time,V1,V2,V3,V4,V5,V6,V7,V8,V9,V10,V11,V12,V13,V14,V15,V16,V17,V18,V19,V20,V21,V22,V23,V24,V25,V26,V27,V28,Amount,Class,Time_day,Time_hr,predict,p0,p1,risk
7535,0.0267792264491516,4.13246389713003,-6.56059996809658,6.34855667313983,1.32966566904142,-2.51347884762413,-1.68910220031328,0.303252800547589,-3.13940905736457,-6.04546779778801,6.75462544809695,-8.94817857893317,0.702724998099873,-10.7338541032306,-1.37951985681718,-1.63896011485587,-1.74635013628103,0.776744097926754,-1.32735663549015,0.587743219006407,0.370508651493253,-0.57675247317433,-0.669605371766238,-0.759907529538618,1.60505555017462,0.540675396428899,0.737040381683977,0.496699108168337,1,1,7535,3,1,0.00915102315998473,0.990848976840015,High
7543,0.329594333318222,3.71288929524103,-5.77593510831666,6.07826550560828,1.66735901311948,-2.42016841351562,-0.812891249491333,0.133080117970748,-2.21431131204961,-5.13445447110633,4.56072010550223,-8.87374836164535,-0.797483599628474,-9.17716637009146,-0.25702477514424,-0.871688490451564,1.31301362907797,0.773913872552923,-2.37059945059811,0.269772775978284,0.156617169389793,-0.652450440932299,-0.551572219392364,-0.716521635357197,1.41571661508922,0.555264739787582,0.530507388890912,0.404474054528712,1,1,7543,3,1,0.00468455627289244,0.995315443727108,High
8614,-2.16992897559082,3.6396539992044,-4.50849778617728,2.73066814884895,-2.12269287053048,-2.34101682766366,-4.23525308290613,1.70353765763508,-1.30527913344307,-6.7167200227127,6.35361231915591,-8.60164826276464,0.449930038237225,-7.50616937408145,-0.438081781812467,-3.69451599830956,-6.30475338603049,-1.26758712788115,0.357987030484253,0.5007790539507,0.645103275621378,-0.503529448911197,-0.000522821818299227,0.0716957787676742,0.0920074334247208,0.308497931577036,0.552590914653841,0.298954478709399,1,1,8614,3,1,0.00901138162198867,0.990988618378011,High
8757,-1.86375555343732,3.44264397684973,-4.46825973145511,2.80533625940251,-2.1184124774924,-2.33228488731467,-4.2612371974404,1.70168184397858,-1.43939587542941,-6.99990663386522,6.31620967716699,-8.67081800476226,0.316023991908777,-7.41771206475053,-0.436537471366146,-3.65280196004741,-6.29314531907376,-1.24324829133852,0.364810482193887,0.36092400372093,0.66792657242141,-0.516242362128804,-0.012217811746839,0.070613703103445,0.0585044669560628,0.304882839588584,0.418012467185258,0.208858278145839,1,1,8757,3,1,0.00647984828854697,0.993520151711453,High
11629,-3.89119195123086,7.09891625215749,-11.4264670967961,8.60755678650129,-2.06570621026229,-2.98528802203595,-8.13858941693861,2.97392807853452,-6.27279046836547,-13.1934150665232,11.6197234753825,-17.6316063138707,-0.355194389515515,-18.8220867423816,-1.2831290856146,-10.0310966568698,-15.2270075099256,-5.32200898058982,-0.501750653452579,1.38261899967275,1.75708522742867,-0.18970915318715,-0.508629244173448,-1.18930816877394,1.18853649934791,0.605241885913626,1.8815287524148,0.875260407222375,1,1,11629,4,1,0.0147541420952131,0.985245857904787,High
13126,-2.88004235163471,5.22544230971559,-11.0633302799459,6.68995065770063,-5.7599239886738,-2.24403079081521,-11.1999752166959,4.01472180864313,-3.42930426351801,-11.5619497720699,10.446846814514,-15.4790524832016,0.734441608104148,-13.8837785491112,0.821439545395249,-11.911483017197,-18.1030037037729,-6.83783453880068,3.12692935212663,1.19144396640797,2.00288287701632,0.351102064721284,0.79525514045211,-0.778379381413672,-1.64681511254223,0.487538823287331,1.42771309550336,0.583172486219188,1,1,13126,4,1,0.0125821409475216,0.987417859052478,High
17520,-5.26805322089363,9.06761342731767,-15.9607281345144,10.2966027898053,-4.70824109122294,-3.39537485177836,-11.1610570028797,5.49996263444947,-5.66737554592835,-11.6271935556579,11.0270590938161,-16.3880541668327,0.363921486512734,-17.230202160711,-0.437487559248993,-10.1223919213552,-13.6392089915234,-4.98645725844229,1.12678437819631,1.45587819528,2.00410994522741,0.191058399384387,0.622927669875126,-1.20926355739155,-0.374798862642666,0.64879803679546,1.58469734677224,0.720055870245492,1,1,17520,5,1,0.0141795035026916,0.985820496497308,High
18675,-12.3396031574122,4.48826730168204,-16.5870729373632,10.1072738734101,-10.4201989827431,0.130669811857349,-15.6003233044816,-1.15769598093331,-5.3046309683427,-12.9389293107706,8.80568196718575,-13.5561301301468,1.16546376028499,-9.80988150207055,0.369987279150665,-9.50521044515487,-17.5420303090874,-6.79263778723153,2.06937744931751,-0.0855014634055812,-2.0896096332232,1.74531450014405,1.37681580939778,-0.554271418366818,-1.61074085196174,0.153725444536768,1.2124772080589,-1.86929047595671,188.78,1,18675,6,1,0.00241687326490969,0.99758312673509,High
18690,-15.3988450085358,7.47232389650112,-19.0269123426632,11.165525840514,-6.89385628014845,-2.12093657486019,-14.9133299850456,-0.721214094320184,-7.1750966153358,-14.166794659606,10.2777688628065,-14.9854337328686,0.345179234077653,-14.6663889726541,-0.346352541965346,-8.33324249555463,-12.6025964553952,-4.87668342078337,0.604625910708604,1.11150221461014,-2.44488368228,0.727495341024629,-0.345078151264077,-0.981748551471828,0.995271346300177,0.816761717958274,2.26294237384391,-1.17806316323334,1,1,18690,6,1,0.0103875339631733,0.989612466036827,High
20332,-15.2713618637585,8.32658106147414,-22.3385905133352,11.8853128922128,-8.72133435613386,-2.32430694897567,-16.1964186599881,0.512881820424485,-6.33368515594745,-13.175198078736,9.93981974172569,-14.2254557039818,0.716033665192873,-14.0047761755606,-0.329447848153274,-8.0594194070953,-12.1220088158237,-4.79971013254961,0.686227163597458,0.993121017282391,-2.3568962794623,1.06801917704623,1.08561716724338,-1.03979707801119,-0.182006136246673,0.649920860777984,2.14924707788821,-1.40681133211222,1,1,20332,6,1,0.00767180108492815,0.992328198915072,High
20931,-16.3679230107968,9.22369194937548,-23.2706305232856,11.8447765860728,-9.46203714585895,-2.45044437416398,-16.9251520440555,1.38420847895884,-6.28773594816964,-13.0027093010697,9.69146098207319,-13.8865951585248,0.838361375836116,-13.5170724083842,-0.377910607106286,-7.85568149439455,-11.8038151924676,-4.76102594206856,0.618624412799665,0.993584598744375,-2.34367359429797,1.00460241382139,1.18821215709493,-1.04718376839983,-0.0355727659827232,0.664899774367373,2.12279575423083,-1.41674061492574,1,1,20931,6,1,0.00865571457757619,0.991344285422424,High
26585,-19.8563223334433,12.0958932259299,-22.4640827464876,6.11554110191771,-15.1480215209615,-4.34672408349599,-15.6485074722661,13.2768048056341,-3.97416161954102,-8.85919405880884,5.73081553744459,-8.08803351213651,0.230824969324902,-8.57897327333454,0.000946636693186079,-6.94774606726094,-13.4728970076501,-4.94021082886802,1.23014255193802,1.58292955492187,1.75072984045421,-1.40963570908141,-0.809809278333882,0.121396659905885,1.35030007077468,-0.224291873525585,1.59762136835254,0.476919818025438,99.99,1,26585,8,1,0.0261687790645346,0.973831220935465,High
26833,-20.5327510764355,12.3739891389716,-23.0090029136283,6.14482097803751,-15.5872960035928,-4.38449066917613,-15.9390026942523,13.696416119399,-3.94845491908543,-8.78972336330438,5.61234710799626,-7.91442236630349,0.307819968365149,-8.32860088836825,-0.00697929458963793,-6.82452417207669,-13.3160791903173,-4.9216120866876,1.18820420779718,1.59275393136331,1.75460760918813,-1.46611525253641,-0.85677863566488,0.125776576475404,1.40258698975375,-0.223754856770293,1.57424873519633,0.469200693158523,99.99,1,26833,8,1,0.0174164732774494,0.982583526722551,High
26899,-21.8854339051741,12.9305051249875,-24.098871851647,6.20331419234722,-16.4660991227874,-4.45984212550286,-16.519835984614,14.5355647151916,-3.89702188761405,-8.6507583293562,5.3754339072439,-7.56721354069937,0.461807829323489,-7.82789139878016,-0.0228148529460228,-6.57804150255676,-13.0024594617382,-4.88446723880536,1.10435473489394,1.6119982189969,1.76223176917351,-1.57905510076487,-0.951042744820554,0.13456529188962,1.50711039768212,-0.222670856855594,1.52765527810284,0.453698638993223,99.99,1,26899,8,1,0.0152185731582914,0.984781426841709,High
27187,-24.5902447690465,14.0445667815106,-26.2787005866145,6.32008926518927,-18.2245126736673,-4.60996782569686,-17.6810033715155,16.2136267471409,-3.79409346877414,-8.37275316035861,4.90168265513877,-6.87283866404082,0.769776762734501,-6.82658448658054,-0.0544341798176028,-6.08495266503583,-12.375270529796,-4.81034474126699,0.936742237936608,1.64920202229571,1.77706277243531,-1.80487368611576,-1.14060456917063,0.152234466415679,1.71599702403257,-0.22047119903665,1.43495058143483,0.422491857762666,99.99,1,27187,8,1,0.0233213667128205,0.97667863328718,High
28755,-30.552380043581,16.7133892350242,-31.1036848245812,6.53498386355181,-22.105531524316,-4.97769196369245,-20.371513594495,20.0072083651213,-3.56573779124378,-7.7310714411342,3.8294273949908,-5.31433227604015,1.44693027992913,-4.57926372815218,-0.142299360010106,-4.99784830436345,-10.9614103561188,-4.64148195920404,0.567056279787444,1.73364399368955,1.8165201713562,-2.28868550494101,-1.46054449877578,0.183179482716819,2.20820917836653,-0.208823971247713,1.23263629519904,0.356660010884047,99.99,1,28755,8,1,0.0377192848128092,0.962280715187191,High
32745,-2.17913506011513,0.0202179180614602,-2.18273279614299,2.57204626116115,-3.6637331119316,0.0815679330899005,0.268048730691862,0.660437428502318,-2.37402736257173,-3.58281002008802,1.97582106179607,-3.50054226479879,0.170681027067223,-2.73594037401519,1.67025110352247,-4.04629299726117,-5.07947908460579,-2.58685704537203,1.66926055335833,1.95796029993605,1.02642111100453,0.299613501640326,1.65680000734873,0.328432501784239,0.106456827905221,0.691774505774569,0.196778974067123,0.241085157494976,717.15,1,32745,10,1,0.198631200491184,0.801368799508816,Medium
34256,0.539275913891047,1.5548897630737,-2.06618033324968,3.24161746276725,0.184735711234243,0.0283295594064726,-1.51552137985061,0.537035374444064,-1.99984603560986,-2.13317644293659,2.75617194535395,-2.24286436771513,0.615204246860345,-4.65280380668112,0.222163815521883,-0.775666019840941,-3.21861825150599,-0.370992501046414,-0.686196723569762,0.302734578907132,0.371773459120687,0.111954592156869,-0.305225078771695,-1.05383526243402,0.77117490696746,0.240878213732036,0.418434531995645,0.232169715166482,19.02,1,34256,10,1,0.14755901771536,0.852440982284641,Medium
35261,-1.2368417467276,1.94939014798416,-1.1397327717872,1.14294790034504,-1.18976462633436,-1.09756028419293,-2.13085226441038,0.701933316546537,-1.4882408378977,-3.59646737182958,1.09604372525308,-4.97844569423467,-1.05871247503669,-4.2783687486446,1.00675090494419,-3.05110848213468,-6.90541473368713,-2.24065629189058,1.00623935340292,0.538240684030275,0.234633701357804,-0.887138739621585,-0.140437428619804,-0.467763937765494,0.0416652729832835,0.171171678011744,0.865273047553941,0.374716692415833,2.69,0,35261,10,1,0.0842984495869126,0.915701550413088,High
35899,-2.85716975415491,4.04560138120513,-4.19729878550198,5.48719863078843,-3.07077616787415,-1.42268633776286,-5.65131373987331,2.01965739455388,-5.01549098658195,-6.31970750896333,3.77960220775921,-8.07709364590223,1.4408888557809,-7.89190877856627,0.530452788364339,-7.9540700449952,-14.2650559534715,-5.7710644259128,2.8921696850147,0.981608721582294,1.08032273397717,-0.561384150324839,0.102678427260093,-0.0671947227831213,-0.476931194262915,-0.103716356143308,1.16696149168342,0.663632066947765,1,1,35899,10,1,0.0120565716295723,0.987943428370428,High
36170,-5.68501341827133,5.77651621042963,-7.06497672861513,5.90271545151069,-4.71556383098609,-1.75563332378958,-6.95867914257843,3.87779518702774,-5.54152882782373,-7.50211219093686,3.67670318691664,-7.64298306727846,1.68986512270453,-8.29965953059956,0.646996364810759,-6.79279505972775,-12.075932061394,-4.88217964265137,2.62662452479163,0.299488632233821,1.12864107441301,-0.962959729230981,-0.110045083655872,-0.177733240766768,-0.0891754157062679,-0.049446723229275,0.303444581632884,0.219380438614266,111.7,1,36170,11,1,0.00310890934238373,0.996891090657616,High
41147,-5.31417320646342,4.14594361146639,-8.53252245892907,8.34439167363678,-5.71800820787464,-3.04353608094129,-10.9891846672722,3.40412865609659,-6.16723364181153,-11.435623996076,7.67453383416429,-14.2960914258331,0.526938923712363,-15.4450258118019,0.991651201275811,-12.3913460034009,-22.5416517287861,-7.98672065349455,2.99255446334225,1.15001731865814,2.33146580801509,0.862996305559532,-0.614453237551036,0.523647877136623,-0.712593271662611,0.324637964828057,2.24509146635599,0.497320848969724,88.23,1,41147,12,1,0.00235403410649271,0.997645965893507,High
41170,-6.49808616880785,4.75051466030858,-8.96655783136602,7.09885431317009,-6.9583762227814,-2.82212618665779,-10.3334056561063,4.03190730189525,-6.64877821018697,-11.6344144245911,6.87757089846463,-13.6976856184689,0.463040401836978,-13.0441824003561,-0.309229265664683,-12.3175797238757,-24.0190985475902,-9.33519307905321,1.95189049542104,0.568338010653019,2.15814308370257,0.1115103626317,0.216413836254987,0.584661255488016,0.760359507805524,0.0819723426822078,1.41506751068321,0.0351241448009389,83.38,1,41170,12,1,0.00183443936354988,0.99816556063645,High
41204,-8.44028396323147,6.14765332384605,-11.6837061588856,6.70277957100753,-8.15583929706995,-3.71626415558662,-12.4073130564101,5.62657129554302,-6.23216089363823,-13.3866834395246,7.60555947435276,-13.351815018081,0.827049642773684,-14.9794773489142,1.53281308437662,-11.7714969677127,-20.2992165093576,-7.60911006016911,3.80913643570604,0.520732330180873,2.19285541971989,-0.282596814624446,0.00806849811246454,0.403858336982018,-0.0187883930291726,0.522721636106603,0.792690689790115,0.0677895462043786,30.26,1,41204,12,1,0.00234342758564399,0.997656572414356,High
41243,-10.9407391093978,6.26158585106885,-14.1823387841287,7.18360208606589,-9.95136334372547,-3.86082033664669,-13.5473021949163,7.09647164642187,-6.29402944276594,-13.6081431627279,7.12716532148781,-12.6110036871047,1.21455639781013,-13.9062968240505,1.51406990634864,-11.1257390593549,-19.7162573051191,-7.5527890897252,3.65678707068496,-0.0883420818722748,2.26744826134981,-0.492029167950335,-0.239302865923644,0.454368210214217,-0.101611062526814,0.446996732737119,0.062292646721181,-0.439769899530758,45.49,1,41243,12,1,0.00198907270920334,0.998010927290797,High
41353,-15.0209806030789,8.07523975163174,-16.2980905380446,5.66482005292134,-11.9181533731348,-4.24695712395156,-14.7166675516611,9.43508432139337,-6.7953981269244,-15.1241628144947,6.03766622940467,-11.6767222367813,1.32697878633103,-12.3816058947985,-0.0716392778020956,-9.48414337021449,-19.6718814509262,-7.64327282087749,1.16906441801605,-0.995786857833133,2.52511546344786,-0.832074336953531,-0.186116823393738,0.429780833741005,0.697102812320081,0.0560310740941657,-1.31088762047629,-0.707402991270252,34.12,1,41353,12,1,0.00170422143833726,0.998295778561663,High
41870,-20.9069081014654,9.84315322329519,-19.947726046163,6.15578864849515,-15.142013159868,-2.239565648142,-21.2344631540976,1.15179506554623,-8.73967037069304,-18.2711681738888,4.67734929657245,-9.58356643737056,1.03516582361622,-8.19969002891841,-0.32651888245129,-8.37643882097816,-18.4854603221489,-7.58997395860914,1.1266403652792,0.396654845079575,-1.97719619445615,0.652931885295435,-0.519776859411322,0.541701730134149,-0.0538607606750096,0.112670774311131,-3.76537100922261,-1.07123831223447,1,1,41870,12,1,0.00187647937682434,0.998123520623176,High
42474,-3.84300903438536,3.37511020399082,-5.49289319668564,6.13637764344382,2.79719546082743,-2.64616226518954,-1.66893106391951,-2.61755205155675,-3.94584260288362,-4.56525209408734,4.09721607443527,-5.4509164388957,-0.965692752165388,-10.9044588731508,0.526947764497797,-1.13975413041553,0.835639563488731,0.389774231161906,-1.43960797610281,0.0547955667305956,-1.2778115827927,0.719652000906672,0.451125175067876,-0.25809365058648,0.656129466667281,0.556676326289228,0.739383212515096,-0.203049673816441,1,1,42474,12,1,0.00440428339618182,0.995595716603818,High
42988,-4.42350762703846,1.64804777413239,-6.93438785672913,4.89460056642244,-5.07813111998958,0.0108488776042783,-3.40909567897227,1.40929050029893,-3.26067152936237,-7.78135276287243,6.28337707847689,-9.65660635996176,-1.61913485478932,-10.7321089251086,0.288220764475555,-7.89812205175049,-13.5706825019333,-4.59023530005094,2.59017338411194,-0.562264103606392,0.698359061079766,0.487477720585547,1.22869827965959,-0.535217333195035,0.388278095984062,-0.00946564715170412,2.300164247557,0.0812314897144668,648,1,42988,12,1,0.00853045751933368,0.991469542480666,High
46057,-1.3094413460044,1.78649494921925,-1.37107024042555,1.21433549160762,-0.336642221570741,-1.39011986486896,-1.7091091066305,0.667747590382643,-1.69980879955917,-3.84391103993778,2.96259879138962,-3.95604520140947,-1.53923191944683,-4.63463139323434,-0.248403490673103,-2.05855138409951,-5.63549400383391,-0.775271204300359,-0.23930965408033,0.253464129147281,0.533521286327158,-0.0221799534199139,-0.299555851230085,-0.226416167090146,0.364360460778096,-0.47510178544057,0.571426303828437,0.293425836896259,1,1,46057,13,1,0.107795234698694,0.892204765301306,Medium
49985,-1.55421636788274,1.69422928947167,-0.903333638062708,2.42543608490852,-2.89978748492542,0.133028430446298,-0.286225919411127,0.555944559014401,-1.39491838156524,-2.89261176082088,1.96223597455109,-2.38526266137636,0.458337202321203,-3.72454345377605,1.84397832505056,-2.01392370780293,-2.81560029569659,-1.09229027232613,0.139687230416985,-0.0323343863075664,0.493436338989664,0.733393182273647,0.202349959595007,0.492053700892718,-0.183790909215829,-0.19991711985608,0.395200622125666,0.0276930320930062,360,1,49985,14,1,0.17901013949136,0.82098986050864,Medium
57163,-10.3630494651588,4.54367201286394,-9.79589773551539,5.50800333404763,-6.03715599427489,-0.133492972364907,-11.7243461176622,-3.19834557193323,-4.76784222430147,-9.33212806886128,5.2241240042156,-7.74312234505579,-1.56034320038539,-7.14041803349475,1.18597782557697,-6.59870406570123,-12.1205390025684,-3.90409153348034,2.51343040062446,0.924396179705582,-2.45714487251707,1.68725664165106,0.977178353536712,-0.543368976583511,-0.289124786926125,-0.107586425389056,0.330641897772597,0.163577149556086,1,1,57163,16,1,0.00359738828366507,0.996402611716335,High
59777,-8.25711081724667,-4.81446073955621,-5.36530689032661,1.20422986423394,-3.3474200965739,-1.33160147516446,-1.96789279857039,1.29543781710486,-1.67441524280437,-3.42605225253339,0.144562690111297,-4.28352931016896,-0.24089504151477,-3.65749040377527,0.923104767832095,0.844221069436753,-3.94831185243281,-1.8075159915996,0.105878827218844,-1.23398725720348,0.436390207477188,-0.077552722802211,-3.09162435615504,-0.390200885685448,-0.288688941339997,-0.340004217403437,0.0398191045440342,-1.00790031022705,319.2,1,59777,17,1,0.168785127160335,0.831214872839665,Medium
62059,-1.64440309669641,3.1298519330804,-2.57697682172296,3.41557336328899,-0.448525407316687,-1.24189285626533,-1.9916521878557,1.00266488963021,-2.8090712430123,-4.15369240632128,1.39818511854919,-5.65326970240352,-1.23369413839885,-6.332512814541,0.458714800173025,-1.98360960777769,-4.92916202340023,-1.03848208531443,-0.133819199948815,0.290186829391141,0.417762091477206,-0.648575871519649,-0.318617393380036,-0.680412931832076,0.389868676205949,0.0557502963989842,0.394681955439504,0.298820725838569,6.62,1,62059,18,1,0.00667728437532889,0.993322715624671,High
64785,-8.7444146436792,-3.4204679837707,-4.85057473189452,6.60684578567387,-2.80054617200457,0.105511583647205,-3.26980129883546,0.940377922978903,-2.55869060182863,-3.62477471396623,5.26786160380362,-5.58369692598496,0.173895592410693,-6.67997675520914,2.08419914311417,-4.3488914455328,-8.76078602293495,-3.40754854415232,1.33293006548133,-1.81831542477292,0.102912553839685,0.311626102287519,-4.12919549979785,0.0346387321763146,-1.13363123097119,0.272265246225774,1.84130726881613,-1.79636258672205,720.38,1,64785,18,1,0.0089427041479162,0.991057295852084,High
65385,-2.92382666427262,1.52483716405302,-3.01875803326242,3.28929147538496,-5.75554237361289,2.21827630310359,-0.509995431790455,-3.56944356866613,-1.01659168855188,-4.32053577559936,1.27720226474415,-3.70174966668488,-0.97186959353265,-4.85777667212588,0.0906055221312176,-2.80150199048762,-4.18680753704806,-1.64840609367465,1.1764455977519,-0.447039406719925,-0.511656805196235,-0.12272408639124,-4.28863899895194,0.563796657800838,-0.949451350280346,-0.204532177495445,1.51020648735902,-0.324706012560446,1354.25,1,65385,19,1,0.0100323279873417,0.989967672012658,High
65936,-3.5934760029271,0.78144226309285,-1.82244751422669,0.605760683474701,-1.19465586719981,-0.517194856719497,-1.72252312325165,0.128889523769538,0.0149633080909052,-2.85611682977408,1.61826162043188,-3.58137450130299,0.623706919914784,-6.16045662030601,0.494733399107095,-2.54310504010287,-5.30127339068683,-2.19271270602319,-0.09472379272847,-0.478219313417121,0.351792125839819,0.391248950287018,-0.252874890557857,-0.498042480147132,0.0101721931231225,0.909928721553306,-1.47876724603751,0.722673039450917,101.5,1,65936,19,1,0.0817164197252131,0.918283580274787,High
68207,-13.1926709562391,12.785970638298,-9.90665002092758,3.32033688288942,-4.80117593230105,5.76005855618556,-18.7508891580107,-37.3534426378925,-0.391539743919107,-5.05250236713858,4.40680552357904,-4.61075647740608,-1.90948796970811,-9.07271093398351,-0.226074450896345,-6.21155748212485,-6.24814535335983,-3.14924669470095,0.0515761185277783,-3.49304991519446,27.2028391573154,-8.88701714094871,5.30360690376998,-0.639434802306313,0.263203123457008,-0.108876929971315,1.26956635541013,0.939407362758877,1,1,68207,19,1,0.00125764599009137,0.998742354009909,High
75851,-4.79366743133161,3.41891065333381,-5.07444453285381,4.03598694267746,-3.52787459906065,-1.92324150219959,-5.06598083804842,1.99688475994042,-3.09737916358313,-6.44720227383046,3.77557843937585,-7.49878345527601,0.231306922054262,-8.65826843157538,1.34330765668858,-6.17333085967808,-10.7080182544535,-3.50489419159365,1.88404425730219,0.342122343012083,1.16861781897539,0.289530903898366,-0.371888203724815,0.144761276597316,0.0847348250689305,-0.19743147093529,0.328671522253493,0.835394921353057,99.85,1,75851,22,1,0.0305074008773698,0.96949259912263,High
76826,-6.61629292560656,3.56342789803106,-7.05890129814843,4.28434595524384,-5.09629887292392,-1.76861780360559,-4.93755412732933,2.74845954534783,-3.79675959454545,-6.8254901042394,3.25959475409854,-6.94389061823948,0.43597516308899,-6.94701030902337,1.01100406527995,-6.16683742461485,-10.564346602529,-4.01018815310236,2.14350179519978,-0.54163415582255,1.21597610572025,0.0411777442210425,-1.05909770217904,0.275662062254882,0.057424927985318,-0.265838484019501,-0.514636936427821,0.388590269335523,254.76,1,76826,22,1,0.0367681152351603,0.96323188476484,High
77182,-1.41085190223088,2.26827061391536,-2.29755364869312,1.87133052690782,0.248957097554545,-1.20879869131782,-1.35864849113679,1.10291613180529,-1.31736377078276,-4.62691916410905,3.35763973653551,-2.99881490434833,-1.95678634545881,-6.76663337149207,-0.869899592420961,-0.868576751992314,-0.370333268936992,0.419265507331837,-0.894893657235367,0.0580625903425241,0.155380926745126,-0.614880421672272,-0.196125537805858,-0.464375543427361,0.118473100986687,-0.484537034984231,0.373595915880442,0.187657248903867,1,1,77182,22,1,0.0194141038900303,0.98058589610997,High
84694,-4.86810843844627,1.26441977404559,-5.16788542660662,3.19364784504611,-3.04562137708228,-2.09616609885545,-6.44561018266068,2.4225355920307,-3.2140554159387,-8.74597261185534,5.41604190908794,-8.16412507731485,-0.165010607208302,-10.1935303551514,-1.89521031032574,-7.36047460938421,-14.6687710766351,-4.87711900477519,1.38560952778492,0.66730977994879,1.26920538901712,0.0576572516592633,0.629307399675982,-0.168431773502721,0.443743902404587,0.276539471570389,1.44127396787951,-0.127943726430018,12.31,1,84694,24,1,0.0121190687770788,0.987880931222921,High
85285,-6.71340697159693,3.92110415204576,-9.74667821737542,5.14826254938013,-5.15156271985187,-2.09938865681113,-5.93776683170198,3.57877960420447,-4.6849517505833,-8.53775768653457,6.34897930341209,-8.68160893168352,0.251179384774619,-11.6080022570993,-0.351568782034355,-5.36356643348466,-11.9390915052116,-3.58360287020043,0.897402406121681,0.135711322729059,0.954272201927517,-0.45108644858101,0.127214424071711,-0.339449869297565,0.394095513633807,1.07529509891805,1.6499059092424,-0.394905372194808,252.92,1,85285,24,1,0.00197408138047361,0.998025918619526,High
85573,-1.7567118508365,3.26657425418237,-4.15338789695403,3.92452561357555,-1.7537718434176,-1.0057867792296,-4.31321717578502,1.56071190324579,-3.29567366751075,-6.2133552491157,4.52299197543382,-6.6528440527591,-0.12468523386066,-8.60448620191387,0.110359314846888,-5.94548061159606,-9.33893779428438,-2.39019258818085,3.18415235636348,0.874720103498016,0.911427441871296,0.0530612807310541,-0.367700953962814,-0.776337755840596,0.292093831084717,0.025999713844171,1.0629681996854,0.501148168228208,1,1,85573,24,1,0.0266665602409486,0.973333439759051,High
85576,-2.20763091845218,3.25907610397605,-5.43636546967173,3.68473739367705,-3.06640091036945,-0.671323195313701,-3.69617839443207,1.8222724578951,-3.04965272773018,-6.35388725151755,4.35148149710451,-6.4532473302497,-0.0614319367541572,-8.44287285721034,-0.328820639839654,-5.44079518325917,-9.5180378916264,-2.43806861829455,2.33675362049059,0.808336360421968,0.920899033968287,0.0376745089378149,0.026753977510545,-0.791488823729947,0.176492777047381,-0.136312279131778,1.08758482385547,0.373833528935625,240.77,1,85576,24,1,0.0193250831596995,0.980674916840301,High
85867,-3.58696386180132,2.60912703784891,-5.56857720803735,3.63194695349796,-4.54358971050144,-0.15789907530677,-4.08912766842153,2.41730514407718,-3.23990097529344,-5.822449155685,3.36918605153883,-5.69192578583088,0.287371390782189,-5.41378669142638,-0.555549924912204,-5.86366171303999,-11.1432410242579,-3.48093955285599,2.79433340410919,-0.178533964286313,1.02442283357462,0.428756482022381,0.182032121144153,-0.534597882665306,0.16893349468844,-0.149843614233619,0.685517241438814,-0.299728379437129,310.42,1,85867,24,1,0.00279586452194724,0.997204135478053,High
90303,2.01686230102573,2.73424797151532,-4.91656199877298,4.80969999089652,3.32109780911749,-1.60285472421102,1.3472155049634,-0.567008798958249,-0.707695049987173,-2.19254052070948,1.62160313857726,-4.28023306119767,2.27349342917929,-6.44010972189277,-0.643098182211459,3.35876342692384,6.02933914156175,3.50591639849878,-2.5751812462293,-0.0173269738923738,-0.521870850418477,-1.10851652614754,-0.251790770790264,-1.7587749095325,0.527910969593187,0.167977578074266,-0.00631977327282543,0.100822945092682,0.77,0,3903,2,1,0.334421616910291,0.66557838308971,Medium
93853,-6.18585747765758,7.10298492227346,-13.0304552638937,8.01082339822486,-7.88523736131971,-3.97454999359808,-12.2296077786617,4.9712317023058,-4.24830701294998,-12.9654812039222,8.68830799242781,-17.1829184301947,0.0695769150313325,-14.1161560074304,0.959031717400206,-12.3753337375636,-18.716764511809,-6.52201457322122,3.51795494036344,0.483930108481186,2.50277241039945,0.481691289576756,0.480957977547458,0.360318638811951,-0.293354295977635,-0.199193157971208,-0.203917328209747,0.398927185850218,44.9,1,7453,3,1,0.00319526627922495,0.996804733720775,High
93856,-6.75050851563533,5.36741605145469,-10.0546349530569,9.06447791765316,-7.96811808353808,-2.26379841398236,-10.317566180676,4.23766573099145,-5.32410880613734,-11.0923923688428,7.15408284221914,-17.1504052507291,-0.0953992277686904,-11.0301103643432,-1.95905455483077,-12.4485623424367,-22.6679054064789,-9.26460873295655,1.9823563171714,-0.0812198922441237,1.90903201764938,-0.34873973066671,0.425000563135111,0.674908669807175,-0.784208393488163,-0.247422102935353,1.1595813739152,0.197817874685768,209.65,1,7456,3,1,0.00397916327409353,0.996020836725906,High
93860,-10.8502815883108,6.72746568826853,-16.760583409542,8.42583167857118,-10.2526968683093,-4.19217104406337,-14.0770860104531,7.16828793346092,-3.68324217370244,-15.2399619587112,8.03070840755191,-16.0603057628826,0.270529742348469,-14.9529810390579,-0.241094883743813,-11.866730636746,-15.4869899240937,-5.74865155747378,4.1300314273319,-0.646818272966729,2.5416369467068,0.135534921100722,-1.02396689219897,0.40626452579196,0.106592778669641,-0.0262323892202069,-1.46463002356247,-0.411681819907858,78,1,7460,3,1,0.00326255016953425,0.996737449830466,High
93920,-12.3810482122443,8.21302215295327,-16.9625296493409,7.11609059812684,-9.77282635905051,-3.66683564785878,-16.1473633736285,2.07870595319163,-4.25065683444105,-16.7460441053944,7.42580096307482,-15.5648376012203,-0.426338420425742,-14.0295376738875,-1.68188923012087,-11.1337609764854,-15.8335888785336,-5.74853293843859,2.27108150670047,0.53779490001906,0.1677033350947,1.5034133341063,-0.767755381526479,0.371951476263823,-1.41563947948017,-0.517022160118675,-0.434620522533755,0.292721057342818,97,1,7520,3,1,0.00697075892248478,0.993029241077515,High
96135,-1.95293262584861,3.54138524292281,-1.31056140773257,5.95566359407,-1.00399266347247,0.983049267722507,-4.58723460197373,-4.89218360319852,-2.51675203271071,-2.85032390160027,2.02467408050134,-6.48774641306604,2.37646259977422,-2.24151634571345,-0.566869734947616,-3.93685691797738,-6.12719357199364,-2.32855196140235,1.56212955232854,1.96502978343686,-1.99809122812016,1.13370623369264,-0.041460872197789,-0.215378738296157,-0.865598577097396,0.212544577403768,0.532896738259478,0.357891632792824,18.96,1,9735,3,1,0.303627723662633,0.696372276337367,Medium
100223,-19.6418567335974,14.7063346696674,-22.8012376947782,12.1146718424589,-14.898112530969,0.840777704221173,-28.0112929096778,-11.9196388199434,-8.9609216998511,-18.9132433348732,4.971248707036,-12.6863075224956,-1.07144311342478,-7.38337003956967,-2.99243029925503,-8.58230865037102,-13.8065681285297,-6.00035879778826,1.42263161326029,3.83464904792346,-8.22887409813848,3.31817776987025,2.58521234602075,0.195008569338351,-1.19480304002391,0.0384229399473607,-4.12674625203028,-0.645329219040983,2.28,1,13823,4,1,0.00122387835424276,0.998776121645757,High
102572,-28.7092292541793,22.0577289904909,-27.8558111336212,11.8450129100508,-18.9838125824286,6.47411462748849,-43.5572415712451,-41.0442609210741,-13.3201546920984,-24.5882624372475,3.48195180343701,-9.12834128617468,-3.00825547830858,0.796579962453559,-2.1022985205307,-5.66036644069929,-13.0327849564566,-5.39234917412895,-0.901040817847599,11.0590042933942,-22.7976039055519,8.31627543891357,5.46622995370963,0.0238542303884927,-1.52714472319428,-0.145225187134896,-5.68233823990698,-0.439133675051458,0.01,1,16172,5,1,0.0071932838941331,0.992806716105867,High
103808,-4.51734375344642,2.50022390414582,-4.01392753708116,1.18945163355882,-2.48686063585833,-1.41347553285281,-4.24570662259591,1.26508694822894,1.16882778968781,-4.51390660472333,3.69471123994721,-6.11044323287235,-0.110521636054475,-4.18455528093394,-0.93103463417672,-1.61471832598223,-3.35318018239636,0.236762036968587,0.0038960221310578,-1.05616226010439,1.32694422202396,0.102998961106284,0.508166904438541,-0.278017536127694,0.139721094971637,0.0646100247346309,-0.972358289293076,0.351359561196795,2.27,1,17408,5,1,0.307944355542129,0.692055644457871,Medium
116067,0.949240654782111,1.33351901279168,-4.85540201400676,1.83500588341825,-1.05324529225553,-2.56282606985029,-2.2869856262026,0.260906489976679,-0.895365545923127,-4.54261203828437,2.45371037821171,-4.92519869522976,-1.20041197086128,-6.42437211273331,1.01489749133407,-3.12942132163446,-5.14703878335167,-1.81543652928925,0.520496923051347,0.424608328846183,0.306598169644708,-0.854626651528392,0.101176995923819,-0.281497410249515,0.0244439388949186,-0.107944111820021,0.625288550407281,0.315677390712111,65,1,29667,9,1,0.0368510387588074,0.963148961241193,High
117109,-1.90568213270409,0.913350729809495,-2.13864718086297,-0.456271406448299,-3.11857765018072,-1.06869250482136,-3.84618122261088,1.45143318319357,-2.54530668025659,-4.18240889686857,3.36115562385578,-5.51003180396136,-0.716784756071012,-5.32527103012639,-1.2436153498573,-3.1505473368402,-8.92094441480317,-3.81892850508751,0.875904660804659,0.840483347307887,1.20235231001818,1.0676229693218,0.0429564038748536,-0.0478751156972463,0.376573287269161,-0.112155882090985,0.875976909606095,0.300647627298676,119.99,0,30709,9,1,0.286203062140493,0.713796937859507,Medium
118532,-5.96145725181683,5.31338185985134,-6.67432045600546,6.02897499089959,-1.38755992793501,0.670638451870295,-4.12898748860167,-4.76589378950457,-1.00525917075425,0.453505060416619,4.43173633655471,-5.14273660303602,-1.18169206554319,-8.7554491326517,1.00435568809085,-2.06502561211988,-3.26143516010375,0.12522332026716,0.936966154656013,-1.11658092121725,5.55664239133643,-1.50180765840879,1.35517244397724,0.141093214148711,0.0779134112043686,0.473988340387306,0.28712879038893,1.46865341855998,105.89,1,32132,9,1,0.0373595806610302,0.96264041933897,High
118603,-6.67721162487866,5.52929920087665,-7.19327456474359,6.08132107951892,-1.63607097105033,0.500609583298219,-4.64077020758754,-4.33983969614375,-0.950036405131991,0.566679814004086,4.3150759158968,-4.93828359985114,-1.10570973729343,-8.49081262174082,1.00362574598099,-1.94912326096651,-3.09301268981888,0.124087074705575,0.886746966076448,-1.11868675540655,5.56330066446813,-1.60827196122017,0.965321595694456,0.16371797930961,0.0475308707267175,0.466164782963216,0.278546743051982,1.47198811731278,105.89,1,32203,9,1,0.0248239220732527,0.975176077926747,High
120322,-2.86489610300543,-0.417784419942295,-2.89995360795106,5.15913710738114,7.41107657436391,-2.12402991411591,-0.659434613067284,0.517945175300641,-2.64287267979467,-2.14208633388944,2.09814543958701,-1.83832079081776,-0.55427154105991,-7.34004266600559,1.59353392716143,1.35487856309129,7.29310779512161,1.5328446726798,-3.19193380802954,0.963368591694176,0.188040364889771,-0.313283967264724,0.312159010579009,-2.17817068074903,-0.0892416327772499,0.412056397303405,0.146057719797662,0.395871673230385,0.77,0,33922,10,1,0.0520850890110176,0.947914910988982,High
123525,-5.90492080575337,4.43991138307409,-8.63180221299529,7.78868440738042,-4.98957980058454,-1.20014396478769,-7.6740599401754,4.12576101681016,-5.31577802250603,-4.89115620289902,4.22041859352387,-6.40830067684822,1.32800326739361,-5.853545070898,-0.928337066900246,-7.08579817642873,-12.62385610867,-4.74522383798077,2.79789150183086,-0.505607961764415,1.77502979034156,1.26644115239936,-0.199409588840669,0.0149600028407991,-1.90822653976519e-05,0.544209892335915,-1.16756581297999,-1.20635432583345,45.51,1,37125,11,1,0.00323397226658939,0.996766027733411,High
134928,1.20493424160812,3.23806951076392,-6.01032440449142,5.7208466769739,1.54839977751795,-2.3210635159891,-0.78188041273237,0.0766192384971476,-2.97624905100078,-4.07025686324581,3.39415208597649,-4.5477421854241,-0.0636341960877915,-10.5164652105548,0.0532673835219021,0.204079529216049,0.462929331041335,0.841169059044758,-2.2213838533863,0.338160708541917,0.0983414697495961,-0.845865919979824,-0.0312277689973994,0.421146410215972,0.388361411769274,0.0560347438871887,0.491827823256628,0.340846685675318,0,1,48528,14,1,0.00326565983213589,0.996734340167864,High
137211,0.630578744212506,1.18363142021427,-5.0662827181354,2.17990251484867,-0.703375740890159,-0.10361428842267,-3.49034985781286,1.09473429241599,-0.717418480774938,-5.17993471366321,2.86702850008408,-5.25999613299847,-1.27715142230195,-6.98927231350758,0.690009613250389,-5.49618760977607,-5.99533723596091,-3.9905149275795,-0.167199797868911,0.357369307955279,0.621621663049365,0.0438073846680806,0.102711029430332,-0.601504870194403,0.127371352545737,-0.163009126463793,0.853791839587473,0.356503102101233,39.45,1,50811,15,1,0.00989028166052375,0.990109718339476,High
138894,-1.29844323295373,1.94810044909488,-4.50994688793757,1.30580476704534,-0.0194859272181987,-0.509237783834405,-2.64339761889288,1.28354519416721,-2.51535570266591,-4.50131480977758,2.09307500991474,-5.41888894354848,-1.2470137120242,-3.82826817896473,0.399050336571034,-6.36649950945483,-7.5509680917538,-4.90276666632221,0.152892032043683,0.250415437314689,1.17803195025635,1.3609885807297,-0.272013060161758,-0.325947896160404,0.290702673395833,0.841294588482068,0.643094248950207,0.201155749649851,0.01,1,52494,15,1,0.0442567290309803,0.95574327096902,High
138942,-2.35634817171224,1.74636046414013,-6.37462362059635,1.7722054455123,-3.43929379640843,1.45781106507128,-0.362577080151496,1.44379091605937,-1.92735886131488,-6.56465926230671,2.4507521592725,-5.69407428254804,-1.15546908515323,-7.13215063894307,-0.059627810007784,-4.59657658277775,-5.5220880540876,-3.5290655977144,-0.663370800920003,0.194809814636999,0.857941843268412,0.62120338692579,0.964816561119457,-0.619437275613569,-1.73261275172715,0.108361134584802,1.13082816380553,0.415702789405836,727.91,1,52542,15,1,0.0209731452529104,0.97902685474709,High
139767,0.467991939825149,1.1001181155631,-5.60714499999017,2.20471352581391,-0.578538842835423,-0.174199760931247,-3.45420147180469,1.10282268929697,-1.06501551547524,-5.41603688884657,4.49792897288062,-5.01960988798824,-1.01969120130359,-7.91498900748283,0.669648023350281,-4.47201433366572,-5.8569977597527,-2.2431779037749,-0.17381402447058,0.589574721718141,0.983480729453912,0.899876105807612,-0.285103424654105,-1.92971710448514,0.319868526124677,0.170636428415686,0.851798305715368,0.372098282227753,120.54,1,53367,15,1,0.0083344527633864,0.991665547236614,High
141320,-6.35233691096656,-2.37033515007664,-4.87539667887196,2.33504453116197,-0.809554897212021,-0.413647316208307,-4.08230817063438,2.23908947335972,-1.98635950470675,-5.16533081830893,2.94293916487767,-4.12572224190365,-0.433094395260294,-3.5181311704857,0.420777387095712,-5.10447983930312,-7.9253889983055,-3.41570671508705,0.71833237368083,0.186898304507656,1.32521840044042,1.22674487561089,-1.4852168616857,-1.47073226048821,-0.240053392971609,0.112972036960476,0.910590643802817,-0.650943712766886,195.66,1,54920,16,1,0.00680696711944462,0.993193032880555,High
146179,-0.0676716213886392,4.25118050159519,-6.54038835224963,7.28365703710757,0.513540870943284,-2.63506638788364,-1.86591081008961,0.780271626602801,-3.86824834701295,-4.85148719411703,3.87116530391397,-6.88763735718558,-1.7905001483675,-11.2723158701978,1.30136314876439,-1.68983647758912,-0.0529325394075147,0.778734824784494,0.242162496030838,0.519403972453402,0.415436545379518,-0.469937601482284,0.00712804040849194,-0.388147290740708,-0.493397940502339,0.466467724945289,0.566369687106408,0.262990466192685,0.77,1,59779,17,1,0.00914287552728932,0.990857124472711,High
148053,1.26132423719507,2.72680028914035,-5.43501891203698,5.34275900861121,1.44704301840055,-1.44258408548501,-0.898701853990691,0.123061977888509,-2.74849590498127,-3.20243612238872,1.99136063471588,-3.98641621648026,0.577206841836268,-8.48579450596077,-0.794782274727006,-0.66613426737281,-1.37262938444618,-0.10431295585569,-1.46691055321726,0.313331634515096,0.209086136071647,-0.425937610932652,-0.154439525696635,-0.0188195044268996,0.632233951218357,0.192921615175897,0.468180887290157,0.280486470872693,1.59,1,61653,18,1,0.0130837084071042,0.986916291592896,High
148074,-2.21921860215056,0.727831411106392,-5.45822994652182,5.92484984705884,3.93246382376344,-3.0859842366267,-1.67786998770016,0.865074610405235,-3.17726028894586,-3.41920738405664,3.69317394224412,-3.97843975507806,-1.71859087457346,-8.63629739365259,-0.242964821455265,1.17488417316765,2.13460635695284,2.59436483300614,-1.25758897993879,0.96477180373471,0.41747174595057,-0.817343384056975,-0.0287524020141088,0.0257225108657227,-0.825835343221856,-0.0130890304987416,0.413291188715315,-0.131387346404896,0,1,61674,18,1,0.0330918209168644,0.966908179083136,High
152036,-4.32060921481281,3.19993870654465,-5.79973605389345,6.50233023566696,0.378479252807864,-1.94824637096657,-2.16785950480668,-0.728206711605414,-1.97723831745674,-3.47341070390428,4.56919375212135,-9.32115263136084,-1.59251765115386,-14.2668362798028,0.467776602458787,-4.06620855488173,-6.62696817708246,-1.43715841938037,-0.215409738450978,-0.263686068021973,0.47666042483552,0.434278328284482,-0.13693991841301,-0.620071695417129,0.642530576414265,0.28071734804164,-2.64910674899003,0.533640939848599,1,1,65636,19,1,0.00485252366208155,0.995147476337918,High
152307,-5.22296817637504,4.64182734988813,-8.85820420925725,7.72350199432307,-1.50703495625849,-2.15948357376289,-4.20516409588397,0.979334284202064,-1.50563737438727,-2.23906626105695,4.23139330449617,-8.49348798082106,-1.09281084673483,-13.2375585139603,1.1840864824863,-4.18641517783122,-5.49253578625626,-1.21610811302066,1.04610451099676,-0.176673248133323,0.561892173950775,0.624206816460912,0.536428910734314,-0.628333712411096,-0.222651230551295,0.382208361920644,-2.6930356893785,0.407935125898827,1,1,65907,19,1,0.010788596296385,0.989211403703615,High
